{
  "name": "Untitled Scene",
  "models": [
    {
      "name": "goatmaze",
      "url": "/Assets/maze1.obj",
      "position": {
        "x": 0,
        "y": 0,
        "z": 0
      },
      "scale": {
        "x": 1,
        "y": 1,
        "z": 1
      },
      "rotation": {
        "x": 0,
        "y": 0,
        "z": 0
      }
    }
  ],
  "spawnPoints": [
    {
      "position": {
        "x": 2.700201787420177,
        "y": 0.01,
        "z": 1.5725338345430933
      }
    }
  ],
  "camera": {
    "position": {
      "x": 17.167021926002047,
      "y": 12.102903365765115,
      "z": 6.5815367340119595
    },
    "target": {
      "x": 4.3044607528915995,
      "y": -4.255316741219275,
      "z": 0.39290515206810694
    }
  }
}